run (caddy, 1)	rust= go= pnpm= next="
run (caddy, 2)	rust= go= pnpm= next="
run (caddy, 3)	rust= go= pnpm= next="
run (caddy, 4)	rust= go= pnpm= next="
run (caddy, 5)	rust= go= pnpm= next="
run (image, 1)	rust= go= pnpm= next=" buildkit-cached=0
run (image, 2)	rust= go= pnpm= next=" buildkit-cached=0
run (image, 3)	rust= go= pnpm= next=" buildkit-cached=0
run (image, 4)	rust= go= pnpm= next=" buildkit-cached=0
run (image, 5)	rust= go= pnpm= next=" buildkit-cached=0
run (nextjs, 1)	rust= go= pnpm= next="
run (nextjs, 2)	rust= go= pnpm= next="
run (nextjs, 3)	rust= go= pnpm= next="
run (nextjs, 4)	rust= go= pnpm= next="
run (nextjs, 5)	rust= go= pnpm= next="
run (ripgrep, 1)	rust= go= pnpm= next="
run (ripgrep, 2)	rust= go= pnpm= next="
run (ripgrep, 3)	rust= go= pnpm= next="
run (ripgrep, 4)	rust= go= pnpm= next="
run (ripgrep, 5)	rust= go= pnpm= next="
